{
	"pages": [{
			"path": "pages/index/index",
			"style": {
				//"navigationBarTitleText": "职评圈"
				"navigationStyle": "custom"
			}
		},
		{
			"path": "pages/preloading/preloading",	//版本兼容添加中转页面
			"style": {
				"navigationBarTitleText": ""
			}
		},
		{
			"path": "pages/index/askDetails",
			"style": {
				"navigationBarTitleText": "问员工详情"
			}
		},
		{
			"path": "pages/index/commentDetails",
			"style": {
				"navigationBarTitleText": "点评详情"
			}
		},
		{
			"path": "pages/index/askQuestions",
			"style": {
				"navigationBarTitleText": "发布提问",
				"navigationBarTextStyle": "black",
				"navigationBarBackgroundColor": "#F7F7F7"
			}
		},
		//---------------------
		{
			"path": "pages/multiEntry/backgroundCheck/progress",
			"style": {
				"backgroundColor": "#209072",
				"navigationBarTitleText": "背调进度",
				"navigationBarTextStyle": "#fff",
				"navigationBarBackgroundColor": "#209072"
			}
		},
		{
			"path": "pages/multiEntry/backgroundCheck/speedRank",
			"style": {
				"navigationBarTitleText": "加速风云榜",
				"navigationBarTextStyle": "#fff",
				"navigationBarBackgroundColor": "#209072"
			}
		},
		// //--------------人脉模块---------------------------
		{
			"path": "pages/contacts/contacts",
			"style": {
				"navigationStyle": "custom",
				"usingComponents": {
					"van-tab": "/wxcomponents/vant-weapp/tab/index",
					"van-tabs": "/wxcomponents/vant-weapp/tabs/index"
				}
			}
		},
		//--------------人脉模块-邀请评价---------------------------
		{
			"path": "pages/contacts/inviteComments",
			"style": {
				"navigationBarTitleText": "邀请好友",
				"enablePullDownRefresh": false
			}
		},
		//--------------登录---------------------------
		{
			"path": "pages/login/login",
			"style": {
				"navigationBarTitleText": "登录",
				"enablePullDownRefresh": false
			}
		},
		//--------------人脉模块-搜索---------------------------
		{
			"path": "pages/contacts/contactsSearch",
			"style": {
				"navigationBarTitleText": "人脉",
				"enablePullDownRefresh": false
			}
		},
		//--------------人脉模块-猜你认识---------------------------
		{
			"path": "pages/multiEntry/guessYoudo",
			"style": {
				"navigationBarTitleText": "猜你认识",
				"enablePullDownRefresh": false
			}
		},
		//--------------推荐信模块-邀请别人为我写推荐信---------------------------
		{
			"path": "pages/recommendation/invitation",
			"style": {
				"navigationBarTitleText": "邀请写信",
				"enablePullDownRefresh": false
			}
		},
		//--------------推荐信模块-为别人写推荐信---------------------------
		{
			"path": "pages/recommendation/forOthers",
			"style": {
				"navigationBarTitleText": "写推荐信",
				"enablePullDownRefresh": false
			}
		},
		//--------------推荐信模块-通过点击分享卡片为别人写推荐信及编辑推荐信---------------------------
		{
			"path": "pages/recommendation/write",
			"style": {
				"navigationBarTitleText": "写推荐信",
				"enablePullDownRefresh": false
			}
		},
		//--------------推荐信模块-为别人写推荐信 提交页---------------------------
		{
			"path": "pages/recommendation/forOthersOver",
			"style": {
				"navigationBarTitleText": "写推荐信",
				"enablePullDownRefresh": false
			}
		},
		//--------------好友个人信息---------------------------
		{
			"path": "pages/multiEntry/information",
			"style": {
				"enablePullDownRefresh": false,
				"navigationStyle": "custom"
			}
		},
		//--------------为好友写点评---------------------------
		{
			"path": "pages/multiEntry/comment",
			"style": {
				"navigationBarTitleText": "评价",
				"enablePullDownRefresh": false
			}
		},
		//-------------消息模块------------------
		{
			"path": "pages/friendPage/friendList",
			"style": {
				"navigationBarTitleText": "好友",
				"enablePullDownRefresh": false
			}
		},
		{
			"path": "pages/friendPage/friendSearch",
			"style": {
				"navigationBarTitleText": "好友",
				"enablePullDownRefresh": false
			}
		},
		//-------------点击别人分享卡片进行评价模块 - 评分------------------------------
		{
			"path": "pages/evaluate/evaluationScore",
			"style": {
				"navigationBarTitleText": "分数评价",
				"enablePullDownRefresh": false
			}
		},
		//-------------一键点评后可以查看点评详情 -------------------------------
		{
			"path": "pages/evaluate/evaluationInfo",
			"style": {
				"navigationBarTitleText": "查看评价",
				"enablePullDownRefresh": false
			}
		},
		//-------------点击别人分享卡片进行评价模块 - 标签------------------------------
		{
			"path": "pages/evaluate/evaluationTag",
			"style": {
				"navigationBarTitleText": "标签评价",
				"enablePullDownRefresh": false
			}
		},
		//-------------点击别人分享卡片进行评价模块 - Q&A------------------------------
		{
			"path": "pages/evaluate/evaluationQA",
			"style": {
				"navigationBarTitleText": "Q&A评价",
				"enablePullDownRefresh": false
			}
		},
		//-------------点击别人分享卡片进行评价模块 - 完成------------------------------
		{
			"path": "pages/evaluate/evaluationSuccess",
			"style": {
				"navigationBarTitleText": "评价完成",
				"enablePullDownRefresh": false
			}
		},

		// ======================个人模块================================

		// ===========myNews
		{
			"path": "pages/my/myNews/myNewsIndex",
			"style": {
				"navigationBarTitleText": "我的动态",
				"enablePullDownRefresh": false,
				"usingComponents": {
				
				}
			}
		},
		{
			"path": "pages/my/myNews/myRelease",
			"style": {
				"navigationBarTitleText": "我的发布",
				"enablePullDownRefresh": false,
				"usingComponents": {
				}
			}
		},
		{
			"path": "pages/my/myNews/myCommentAndLike",
			"style": {
				"navigationBarTitleText": "我的评赞",
				"enablePullDownRefresh": false,
				"usingComponents": {
				}
			}
		},

		// ========myRecommendLetter
		{
			"path": "pages/my/myRecommendLetter/recommendLetterList",
			"style": {
				"navigationBarTitleText": "推荐信",
				"usingComponents": {
				}
			}
		},
		{
			"path": "pages/my/myRecommendLetter/recommendLetterDetail",
			"style": {
				"navigationBarTitleText": "推荐信详情",
				"enablePullDownRefresh": false,
				"usingComponents": {}
			}
		},

		// ===============myRecord

		{
			"path": "pages/my/myRecord/eduList",
			"style": {
				"navigationBarTitleText": "教育履历",
				"enablePullDownRefresh": false,
				"usingComponents": {
					"van-swipe-cell": "/wxcomponents/vant-weapp/swipe-cell/index"
				}
			}
		},
		{
			"path": "pages/my/myRecord/exerciseList",
			"style": {
				"navigationBarTitleText": "职业履历",
				"enablePullDownRefresh": false,
				"usingComponents": {
					"van-swipe-cell": "/wxcomponents/vant-weapp/swipe-cell/index"
				}
			}
		},
		{
			"path": "pages/my/myRecord/eduDetail",
			"style": {
				"navigationBarTitleText": "新增教育履历",
				"enablePullDownRefresh": false,
				"usingComponents": {}
			}
		},
		{
			"path": "pages/my/myRecord/exerciseDetail",
			"style": {
				"navigationBarTitleText": "新增职业履历",
				"enablePullDownRefresh": false,
				"usingComponents": {}
			}
		},
		// ===========myInfo

		{
			"path": "pages/my/myInfo/myBaseInfo",
			"style": {
				"navigationBarTitleText": "基本信息",
				"enablePullDownRefresh": false,
				"usingComponents": {}
			}
		},
		{
			"path": "pages/my/myIndex",

			"style": {
				"navigationStyle": "custom",
				"navigationBarTitleText": "个人中心",
				"enablePullDownRefresh": false,
				"usingComponents": {
				}
			}
		},
		{
			"path": "pages/my/myInfo/myArchives",
			"style": {
				"navigationBarTitleText": "我的档案",
				"enablePullDownRefresh": false,
				"usingComponents": {
				}
			}
		},

		{
			"path": "pages/my/myInfo/lookAtMe",
			"style": {
				"navigationBarTitleText": "",
				"navigationBarTextStyle": "white",
				"navigationBarBackgroundColor": "#12866B"
			}
		},
		// =========myPage
		{
			"path": "pages/my/myPage/helpCenter",
			"style": {
				"navigationBarTitleText": "帮助中心",
				"enablePullDownRefresh": false
			}
		},
		{
			"path": "pages/my/myPage/userAgreement",
			"style": {
				"navigationBarTitleText": "用户协议",
				"enablePullDownRefresh": false
			}
		},
		{
			"path": "pages/my/myPage/privacyPolicy",
			"style": {
				"navigationBarTitleText": "隐私政策",
				"enablePullDownRefresh": false
			}
		},
		//--------------------------个人中心模块-我的动态----------------
		// 好友评价
		{
			"path": "pages/multiEntry/evaluatedetail",
			"style": {
				"navigationBarTitleText": "好友评价"
			}
		},
		// 消息模块
		{
			"path": "pages/news/news",
			"style": {
				// "navigationBarTitleText": "消息",
				"enablePullDownRefresh": false,
				"navigationStyle": "custom",
				"usingComponents": {
					"van-swipe-cell": "/wxcomponents/vant-weapp/swipe-cell/index"
				}
			}
		},
		{
			"path": "pages/news/searchNews",
			"style": {
				"navigationBarTitleText": "消息",
				"enablePullDownRefresh": false
			}
		},
		{
			"path": "pages/news/activeNews",
			"style": {
				"navigationBarTitleText": "互动消息",
				"enablePullDownRefresh": false
			}
		},
		{
			"path": "pages/news/friendRequest",
			"style": {
				"navigationBarTitleText": "好友请求",
				"enablePullDownRefresh": false
			}
		},
		{
			"path": "pages/news/chart",
			"style": {
				"navigationBarTitleText": "会话",
				"enablePullDownRefresh": false
			}
		}
	],
	"globalStyle": {
		"navigationBarTextStyle": "black",
		"navigationBarTitleText": "",
		"navigationBarBackgroundColor": "#fff",
		"backgroundColor": "#fff"
	},
	"tabBar": {
		"color": "#7A7E83",
		"selectedColor": "#3cc51f",
		"borderStyle": "black",
		"backgroundColor": "#ffffff",
		"list": [{
				"pagePath": "pages/index/index",
				"iconPath": "/static/img/tabBar/home1.png",
				"selectedIconPath": "/static/img/tabBar/home2.png",
				"text": "首页"
			},
			{
				"pagePath": "pages/contacts/contacts",
				"iconPath": "/static/img/tabBar/contacts1.png",
				"selectedIconPath": "/static/img/tabBar/contacts2.png",
				"text": "人脉"
			},
			{
				"pagePath": "pages/news/news",
				"iconPath": "/static/img/tabBar/news1.png",
				"selectedIconPath": "/static/img/tabBar/news2.png",
				"text": "消息"
			},
			{
				"pagePath": "pages/my/myIndex",
				"iconPath": "/static/img/tabBar/my1.png",
				"selectedIconPath": "/static/img/tabBar/my2.png",
				"text": "个人中心"
			}
		]
	}
}
