{
  "id": "2567714",
  "name": "指真小程序",
  "font_family": "iconfont",
  "css_prefix_text": "icon-",
  "description": "zz",
  "glyphs": [
    {
      "icon_id": "22724943",
      "name": "共同好友3",
      "font_class": "gongtonghaoyou3",
      "unicode": "e65d",
      "unicode_decimal": 58973
    },
    {
      "icon_id": "22724937",
      "name": "共同好友2",
      "font_class": "gongtonghaoyou2",
      "unicode": "e65c",
      "unicode_decimal": 58972
    },
    {
      "icon_id": "22595274",
      "name": "logo-",
      "font_class": "logo-",
      "unicode": "e65a",
      "unicode_decimal": 58970
    },
    {
      "icon_id": "22595186",
      "name": "logo-b",
      "font_class": "logo-b",
      "unicode": "e659",
      "unicode_decimal": 58969
    },
    {
      "icon_id": "22591970",
      "name": "logo",
      "font_class": "logo",
      "unicode": "e657",
      "unicode_decimal": 58967
    },
    {
      "icon_id": "22444293",
      "name": "加好友中",
      "font_class": "jiahaoyouzhong",
      "unicode": "e655",
      "unicode_decimal": 58965
    },
    {
      "icon_id": "22181598",
      "name": "聊天",
      "font_class": "liaotian",
      "unicode": "e654",
      "unicode_decimal": 58964
    },
    {
      "icon_id": "435978",
      "name": "微信",
      "font_class": "weixin",
      "unicode": "e7e5",
      "unicode_decimal": 59365
    },
    {
      "icon_id": "22152222",
      "name": "i-hot",
      "font_class": "i-hot",
      "unicode": "e652",
      "unicode_decimal": 58962
    },
    {
      "icon_id": "22115489",
      "name": "火",
      "font_class": "huo",
      "unicode": "e651",
      "unicode_decimal": 58961
    },
    {
      "icon_id": "22100823",
      "name": "进度标点",
      "font_class": "jindubiaodian",
      "unicode": "e650",
      "unicode_decimal": 58960
    },
    {
      "icon_id": "21839887",
      "name": "公司",
      "font_class": "gongsi",
      "unicode": "e64f",
      "unicode_decimal": 58959
    },
    {
      "icon_id": "21839644",
      "name": "上传相片",
      "font_class": "shangchuanxiangpian",
      "unicode": "e64c",
      "unicode_decimal": 58956
    },
    {
      "icon_id": "21839584",
      "name": "个人-教育",
      "font_class": "geren-jiaoyu",
      "unicode": "e64a",
      "unicode_decimal": 58954
    },
    {
      "icon_id": "21839416",
      "name": "个人-工作",
      "font_class": "geren-gongzuo",
      "unicode": "e648",
      "unicode_decimal": 58952
    },
    {
      "icon_id": "21839414",
      "name": "个人-档案",
      "font_class": "geren-dangan1",
      "unicode": "e647",
      "unicode_decimal": 58951
    },
    {
      "icon_id": "21839309",
      "name": "个人-协议",
      "font_class": "geren-xieyi",
      "unicode": "e642",
      "unicode_decimal": 58946
    },
    {
      "icon_id": "21839301",
      "name": "个人-隐私",
      "font_class": "geren-yinsi",
      "unicode": "e641",
      "unicode_decimal": 58945
    },
    {
      "icon_id": "21836774",
      "name": "个人-信",
      "font_class": "geren-xin",
      "unicode": "e640",
      "unicode_decimal": 58944
    },
    {
      "icon_id": "21836119",
      "name": "个人-信息",
      "font_class": "geren-xinxi",
      "unicode": "e63f",
      "unicode_decimal": 58943
    },
    {
      "icon_id": "21834704",
      "name": "帮助",
      "font_class": "bangzhu1",
      "unicode": "e63c",
      "unicode_decimal": 58940
    },
    {
      "icon_id": "21834658",
      "name": "个人-进度",
      "font_class": "geren-jindu",
      "unicode": "e63b",
      "unicode_decimal": 58939
    },
    {
      "icon_id": "21819314",
      "name": "首页-当前",
      "font_class": "shouye-dangqian",
      "unicode": "e633",
      "unicode_decimal": 58931
    },
    {
      "icon_id": "21819312",
      "name": "首页",
      "font_class": "shouye",
      "unicode": "e632",
      "unicode_decimal": 58930
    },
    {
      "icon_id": "21818708",
      "name": "我-当前",
      "font_class": "wo-dangqian",
      "unicode": "e631",
      "unicode_decimal": 58929
    },
    {
      "icon_id": "21818650",
      "name": "我",
      "font_class": "wo",
      "unicode": "e630",
      "unicode_decimal": 58928
    },
    {
      "icon_id": "21818646",
      "name": "邀请写信",
      "font_class": "yaoqingxiexin1",
      "unicode": "e62f",
      "unicode_decimal": 58927
    },
    {
      "icon_id": "21818349",
      "name": "添加好友",
      "font_class": "tianjiahaoyou1",
      "unicode": "e62e",
      "unicode_decimal": 58926
    },
    {
      "icon_id": "21818342",
      "name": "加好友",
      "font_class": "jiahaoyou1",
      "unicode": "e62d",
      "unicode_decimal": 58925
    },
    {
      "icon_id": "21811467",
      "name": "s-添加",
      "font_class": "s-tianjia",
      "unicode": "e628",
      "unicode_decimal": 58920
    },
    {
      "icon_id": "21811436",
      "name": "i-回复框的回复",
      "font_class": "i-huifukuangdehuifu",
      "unicode": "e627",
      "unicode_decimal": 58919
    },
    {
      "icon_id": "21811433",
      "name": "s-编辑",
      "font_class": "s-bianji",
      "unicode": "e626",
      "unicode_decimal": 58918
    },
    {
      "icon_id": "21811428",
      "name": "s-OK",
      "font_class": "s-OK",
      "unicode": "e625",
      "unicode_decimal": 58917
    },
    {
      "icon_id": "21811399",
      "name": "s-删除图片",
      "font_class": "s-shanchutupian",
      "unicode": "e624",
      "unicode_decimal": 58916
    },
    {
      "icon_id": "21810397",
      "name": "4指真小助手",
      "font_class": "4zhizhenxiaozhushou",
      "unicode": "e622",
      "unicode_decimal": 58914
    },
    {
      "icon_id": "21810182",
      "name": "4消息",
      "font_class": "4xiaoxi",
      "unicode": "e621",
      "unicode_decimal": 58913
    },
    {
      "icon_id": "21810172",
      "name": "搜索",
      "font_class": "sousuo",
      "unicode": "e620",
      "unicode_decimal": 58912
    },
    {
      "icon_id": "21798443",
      "name": "s-向上",
      "font_class": "s-xiangshang",
      "unicode": "e61e",
      "unicode_decimal": 58910
    },
    {
      "icon_id": "21798442",
      "name": "s-向右",
      "font_class": "s-xiangyou",
      "unicode": "e61d",
      "unicode_decimal": 58909
    },
    {
      "icon_id": "21798434",
      "name": "s-向下",
      "font_class": "s-xiangxia",
      "unicode": "e61c",
      "unicode_decimal": 58908
    },
    {
      "icon_id": "21798431",
      "name": "news-右",
      "font_class": "news-you",
      "unicode": "e61b",
      "unicode_decimal": 58907
    },
    {
      "icon_id": "21798429",
      "name": "msg-评论",
      "font_class": "msg-pinglun",
      "unicode": "e61a",
      "unicode_decimal": 58906
    },
    {
      "icon_id": "21798427",
      "name": "i-new",
      "font_class": "i-new",
      "unicode": "e619",
      "unicode_decimal": 58905
    },
    {
      "icon_id": "21798424",
      "name": "b-提问",
      "font_class": "b-tiwen",
      "unicode": "e618",
      "unicode_decimal": 58904
    },
    {
      "icon_id": "21798420",
      "name": "b-OK",
      "font_class": "b-OK",
      "unicode": "e617",
      "unicode_decimal": 58903
    },
    {
      "icon_id": "21798399",
      "name": "msg-赞-选中",
      "font_class": "msg-zan-xuanzhong",
      "unicode": "e616",
      "unicode_decimal": 58902
    },
    {
      "icon_id": "21798395",
      "name": "msg-踩-选中",
      "font_class": "msg-cai-xuanzhong",
      "unicode": "e615",
      "unicode_decimal": 58901
    },
    {
      "icon_id": "21797090",
      "name": "发表情",
      "font_class": "fabiaoqing",
      "unicode": "e614",
      "unicode_decimal": 58900
    },
    {
      "icon_id": "21796878",
      "name": "删除",
      "font_class": "shanchu",
      "unicode": "e611",
      "unicode_decimal": 58897
    },
    {
      "icon_id": "21796863",
      "name": "好友请求",
      "font_class": "haoyouqingqiu",
      "unicode": "e610",
      "unicode_decimal": 58896
    },
    {
      "icon_id": "21796706",
      "name": "赞",
      "font_class": "zan",
      "unicode": "e60f",
      "unicode_decimal": 58895
    },
    {
      "icon_id": "21796703",
      "name": "踩",
      "font_class": "cai",
      "unicode": "e60e",
      "unicode_decimal": 58894
    },
    {
      "icon_id": "21786301",
      "name": "i-转发",
      "font_class": "i-zhuanfa",
      "unicode": "e60d",
      "unicode_decimal": 58893
    }
  ]
}
