{
	"user_remark_vo_list": [
	        {
	          "open_id": "oNIYe5AJTocLLdtJ99zL5VJ960OE",
	          "avatar": "https://thirdwx.qlogo.cn/mmopen/vi_32/iblQzNj50FJPhFgt28YpjvNlseXvPHYC5tPCpkIsyxLBVnRkNBLmlWRYDFdnWOTIK7vPeGic8rzJI1ZeyN2E5IAA/132",
	          "online_flag": "1",
	          "states": 0,
	          "unread": 1,
	          "user_name": "李昂",
	          "nickname": "Iron Man",
	          "company_name": "江西吉利新能源汽车有限公司",
	          "position_name": "产品经理",
	          "create_time": "2021-04-01 13:28:13",
	          "labels": "[\"思路清晰\",\"为人和善\",\"积极主动\",\"情商高\",\"关系融洽\",\"积极主动\",\"勤奋肯干\",\"勤奋肯干\",\"为人和善\",\"勤奋肯干\",\"为人和善\"]",
	          "total_score": 88,
	          "text_evaluate": "同事",
	          "if_anonymity": 2,
	          "forward_count": 0,
	          "comment_count": 1,
	          "fabu_count": 1,
	          "step_count": 0,
	          "if_like": 1,
	          "if_tread": 2,
	          "current_page": 1
	        },
	        {
	          "open_id": "oNIYe5AJTocLLdtJ99zL5VJ960OE",
	          "avatar": "https://thirdwx.qlogo.cn/mmopen/vi_32/iblQzNj50FJPhFgt28YpjvNlseXvPHYC5tPCpkIsyxLBVnRkNBLmlWRYDFdnWOTIK7vPeGic8rzJI1ZeyN2E5IAA/132",
	          "online_flag": "1",
	          "states": 0,
	          "unread": 1,
	          "user_name": "李昂",
	          "nickname": "Iron Man",
	          "company_name": "江西吉利新能源汽车有限公司",
	          "position_name": "产品经理",
	          "create_time": "2021-04-01 13:28:13",
	          "labels": "[\"思路清晰\",\"为人和善\",\"积极主动\",\"情商高\",\"关系融洽\",\"积极主动\",\"勤奋肯干\",\"勤奋肯干\",\"为人和善\",\"勤奋肯干\",\"为人和善\"]",
	          "total_score": 88,
	          "text_evaluate": "安把",
	          "if_anonymity": 2,
	          "forward_count": 0,
	          "comment_count": 0,
	          "fabu_count": 0,
	          "step_count": 0,
	          "if_like": 2,
	          "if_tread": 2,
	          "current_page": 1
	        }
	      ],
	
	
	"beCommentedInfos":[
		{
			"cName":"公司名称xxxxxxx",
			"uImg":"",
			"uName":"cxq",
			"newCommentFriendName":"ffffname",
			
			"workName":"workName",
			"comment":"评论xxxxxxxxxxxxxx嘻嘻嘻嘻嘻嘻嘻嘻xxxx嘻嘻嘻嘻嘻嘻嘻嘻嘻嘻嘻嘻嘻嘻嘻嘻",
			"time":"21-04-05 12:02",
			"shareNum":100,
			"commentNum":100,
			"stpOnNum":100,
			"zanNum":100,
			"scoreNum":10,
			"commpanyName":"公司xxxxxxxxxxxxxxxxxxxx"
		    ,"commentTabs":["乐观","做事情细心"]
		
		},
		{
			"cName":"公司名称xxxxxxx",
			"uImg":"",
			"uName":"cxq",
			"workName":"workName",
			"comment":"评论xxxxxxxxxxxxxx嘻嘻嘻嘻嘻嘻嘻嘻xxxx",
			"time":"21-04-05 12:02",
			"shareNum":100,
			"commentNum":100,
			"stpOnNum":100,
			"zanNum":100,
			"scoreNum":10,
			"commpanyName":"公司xxxxxxxxxxxxxxxxxxxx"
			,"commentTabs":["乐观","做事情细心"]
		
		}
		
	],

	
	
    "myArchivesInfo": {
      "area": "中国",
      "avatar": "",
      "base_education_vos": [
        {
          "begin_time": "2020-1-1",
          "education": "高中",
          "end_time": "2020-2-1",
          "id": 0,
          "major": "汽车专业",
          "school_name": "交通大学"
        },
		{
		  "begin_time": "2020-1-1",
		  "education": "高中",
		  "end_time": "2020-2-1",
		  "id": 0,
		  "major": "汽车专业",
		  "school_name": "交通大学"
		}
      ],
      "company_name": "公司名称",
      "date_birth": "2011-1-1",
      "labels": [
        {
          "colour": "colourcolour",
          "labels": "可爱"
        }
      ],
      "open_id": "33333",
      "phone": "12344",
      "position_name": "开发",
      "postbox": "postbox--",
      "recommendations": [
        {
          "avatar": "",
          "common": "公司",
          "id": 0,
          "letter_open_id": "letter_open_id——",
          "modify_time": "yyyy-MM-dd",
          "nickname": "nicknamenickname",
          "open_id": "open_idopen_id",
          "re_states": 0,
          "recommendations": "recommendationsrecommendations",
          "user_name": "user_n",
          "work_post": "work_postwork_post"
        },
		{
		  "avatar": "",
		  "common": "公司",
		  "id": 0,
		  "letter_open_id": "letter_open_id——",
		  "modify_time": "yyyy-MM-dd",
		  "nickname": "nicknamenickname",
		  "open_id": "open_idopen_id",
		  "re_states": 0,
		  "recommendations": "recommendationsrecommendations",
		  "user_name": "user_n",
		  "work_post": "work_postwork_post"
		}
      ],
      "sex": "女",
      "states": 0,
      "used_name": "usedme=",
      "user_labels": [
        {
          "avatar": "",
          "company_name": "company_name1",
          "create_time": "yyyy-MM-dd",
          "if_anonymity": 0,
          "labels": "可爱电动车",
          "open_id": "string",
          "position_name": "position_namestring",
          "user_name": "user_na"
        },
		{
		  "avatar": "",
		  "company_name": "company_name1",
		  "create_time": "yyyy-MM-dd",
		  "if_anonymity": 0,
		  "labels": "可爱电动车",
		  "open_id": "string",
		  "position_name": "position_namestring",
		  "user_name": "user_na"
		},
		{
		  "avatar": "",
		  "company_name": "company_name1",
		  "create_time": "yyyy-MM-dd",
		  "if_anonymity": 0,
		  "labels": "可车",
		  "open_id": "string",
		  "position_name": "position_namestring",
		  "user_name": "user_na"
		},
		{
		  "avatar": "",
		  "company_name": "company_name1",
		  "create_time": "yyyy-MM-dd",
		  "if_anonymity": 0,
		  "labels": "可爱电动车车车车车车",
		  "open_id": "string",
		  "position_name": "position_namestring",
		  "user_name": "user_na"
		}
      ],
      "user_name": "susering",
      "user_record_vos": [
        {
          "end": "end",
          "id": 0,
          "name": "name",
          "position": "position",
          "start": "start"
        },
		{
		  "end": "end7",
		  "id": 0,
		  "name": "name7",
		  "position": "position7",
		  "start": "start7"
		}
      ],
      "user_text_evaluate": [
        {
          "avatar": "",
          "company_name": "company_name",
          "create_time": "yyyy-MM-dd",
          "if_anonymity": 0,
          "open_id": "open_id",
          "position_name": "position_name",
          "text_evaluate": "text_evaluate",
          "user_name": "user_name"
        },
		{
		  "avatar": "",
		  "company_name": "company_name",
		  "create_time": "yyyy-MM-dd",
		  "if_anonymity": 0,
		  "open_id": "open_id",
		  "position_name": "position_name",
		  "text_evaluate": "text_evaluate",
		  "user_name": "user_name"
		}
      ],
      "user_total_score": [
        {
          "avatar": "",
          "company_name": "company_namestring",
          "create_time": "yyyy-MM-dd",
          "if_anonymity": 0,
          "nickname": "nicknamestring",
          "open_id": "open_idstring",
          "position_name": "position_namestring",
          "total_score": 0,
          "user_name": "user_n"
        },
		{
		  "avatar": "",
		  "company_name": "company_namestring",
		  "create_time": "yyyy-MM-dd",
		  "if_anonymity": 0,
		  "nickname": "nicknamestring",
		  "open_id": "open_idstring",
		  "position_name": "position_namestring",
		  "total_score": 0,
		  "user_name": "user_n"
		}
      ]
    }
	
	
	
	
	
	
	
	
	
	
}